Cluster,Income,TotalSpending,Age,TotalChildren
0,43884.0155210643,215.1729490022173,60.61640798226164,2.117516629711752
1,61037.17398945519,772.6555360281195,68.34094903339192,0.7574692442882249
2,32802.090220385675,153.74242424242425,49.06611570247934,0.8415977961432507
3,77203.84591836734,1442.2142857142858,52.72244897959184,0.26326530612244897
